id,dataID
58,Art Foster
110,Brian Moss
153,Christina Vanderzanden
76,Becky Martin
109,Brian Derr
148,Chris Cortes
84,Berenike Kampe
100,Bradley Drucker
50,Anthony Garverick
161,Christy Brittain
78,Ben Ferrer
79,Ben Peterman
103,Brenda Bowman
0,Aaron Bergman
169,Claudia Miner
180,Craig Leslie
83,Benjamin Venier
57,Art Ferguson
174,Corey Catlett
2,Aaron Smayling
35,Andy Reiter
132,Carol Darley
6,Adrian Barton
185,Cynthia Arntzen
85,Beth Fritzler
131,Carol Adams
142,Chad Sievert
88,Bill Donatelli
24,Allen Armold
101,Bradley Nguyen
91,Bill Shonely
178,Craig Carreira
27,Alyssa Crouse
59,Art Miller
61,Arthur Prichep
82,Benjamin Patterson
96,Bobby Trafton
40,Ann Chong
146,Charlotte Melton
55,Anthony Witt
69,Barry Gonzalez
149,Chris McAfee
144,Charles McCrossin
17,Alejandro Grove
111,Brian Stugart
126,Carl Ludwig
147,Chloris Kastensmidt
182,Craig Rider
90,Bill Overfelt
115,Bruce Degenhardt
44,Anna Gayman
1,Aaron Hawkins
75,Becky Castell
119,Bryan Mills
170,Clay Cheatham
177,Corinna Mitchell
71,Barry Weirich
81,Benjamin Farhat
48,Annie Cyprus
181,Craig Molinari
54,Anthony Rawles
63,Ashley Jarboe
95,Bobby Odegard
31,Andrew Allen
74,Bart Watters
60,Arthur Gainer
113,Brooke Gillingham
19,Aleksandra Gannaway
29,Amy Cox
72,Bart Folk
167,Cindy Stewart
65,Barbara Fisher
23,Alice McCarthy
173,Clytie Kelty
22,Alex Russell
32,Andrew Gjertsen
66,Barry Blumstein
165,Cindy Chapman
67,Barry Franz
94,Bobby Elias
28,Alyssa Tate
143,Charles Crestani
135,Cassandra Brandow
120,Bryan Spruell
172,Clay Rozendal
38,Angele Hood
46,Anne McFarland
52,Anthony Johnson
20,Alex Avila
134,Caroline Jumper
13,Alan Hwang
43,Anna Chung
64,Astrea Jones
158,Christopher Conant
92,Bill Stewart
118,Bryan Davis
160,Christopher Schild
175,Corey Lock
34,Andy Gerbode
106,Brendan Sweed
98,Brad Norvell
128,Carlos Daly
39,Ann Blume
104,Brendan Dodson
12,Alan Haines
51,Anthony Jacobs
179,Craig Carroll
116,Bruce Money
3,Adam Bellavance
10,Alan Barnes
47,Anne Pryor
155,Christine Kargatis
141,Chad McGuire
45,Anna Haberlin
133,Carol Triggs
25,Allen Golden
37,Anemone Ratner
122,Cari MacIntyre
93,Bill Tyler
107,Brian Dahlen
87,Beth Thompson
41,Ann Steele
73,Bart Pistole
62,Arthur Wiediger
4,Adam Hart
102,Bradley Talbott
11,Alan Dominguez
105,Brendan Murry
86,Beth Paige
108,Brian DeCherney
53,Anthony O'Donnell
151,Christina Anderson
123,Cari Sayre
163,Chuck Magee
129,Carlos Meador
124,Cari Schnelling
166,Cindy Schnelling
97,Brad Eason
121,Candace McMahon
152,Christina DeMoss
140,Chad Cunningham
176,Corey Roper
112,Brian Thompson
187,Cynthia Voltz
80,Ben Wallace
9,Aimee Bixby
7,Adrian Hane
117,Bruce Stewart
154,Christine Abelman
89,Bill Eplett
183,Craig Yedwab
49,Annie Thurman
99,Brad Thomas
26,Allen Rosenblatt
162,Chuck Clark
5,Adam Shillingsburg
127,Carl Weiss
15,Alan Shonely
150,Chris Selesnick
145,Charles Sheldon
18,Alejandro Savely
30,Amy Hunt
156,Christine Phan
159,Christopher Martinez
171,Clay Ludtke
186,Cynthia Delaney
125,Carl Jackson
68,Barry French
130,Carlos Soltero
114,Brosina Hoffman
14,Alan Schoenberger
42,Anna Andreadi
56,Arianne Irving
139,Cathy Prescott
184,Cyma Kinney
16,Alejandro Ballentine
36,Andy Yotov
188,Cyra Reiten
21,Alex Grayson
137,Cathy Armstrong
138,Cathy Hwang
70,Barry Pond
136,Catherine Glotzbach
164,Chuck Sachs
33,Andrew Roberts
77,Becky Pak
8,Adrian Shami
157,Christine Sundaresam
168,Claire Good
